{"stats":{"minecraft:killed_by":{"minecraft:player":4},"minecraft:picked_up":{"minecraft:stripped_spruce_log":1},"minecraft:custom":{"minecraft:jump":51,"minecraft:time_since_rest":870,"minecraft:leave_game":1,"minecraft:sprint_one_cm":1897,"minecraft:damage_dealt":282,"minecraft:deaths":4,"minecraft:play_time":7356,"minecraft:damage_taken":1193,"minecraft:time_since_death":781,"minecraft:walk_one_cm":8756,"minecraft:total_world_time":7356,"minecraft:fall_one_cm":2939,"minecraft:fly_one_cm":2339,"minecraft:player_kills":1}},"DataVersion":3700}