{"stats":{"minecraft:dropped":{"minecraft:stripped_spruce_log":1},"minecraft:used":{"minecraft:netherite_sword":8,"minecraft:grass_block":1},"minecraft:killed_by":{"minecraft:player":1},"minecraft:custom":{"minecraft:jump":104,"minecraft:time_since_rest":7070,"minecraft:damage_dealt":905,"minecraft:damage_taken":307,"minecraft:leave_game":7,"minecraft:crouch_one_cm":586,"minecraft:time_since_death":6990,"minecraft:play_time":36595,"minecraft:sprint_one_cm":5573,"minecraft:walk_one_cm":10621,"minecraft:deaths":1,"minecraft:sneak_time":620,"minecraft:total_world_time":36595,"minecraft:drop":1,"minecraft:fly_one_cm":90396,"minecraft:player_kills":4}},"DataVersion":3700}